<?xml version="1.0" ?>
<eFinanceira>
 <evtMovOpFin xmlns="" ID="ID500000000000591831"/>
 <ideEvento>
  <indRetificacao>1</indRetificacao>
  <tpAmb>1</tpAmb>
  <aplicEmi>1</aplicEmi>
  <verAplic>00000000000000000001</verAplic>
 </ideEvento>
 <ideDeclarante>
  <cnpjDeclarante>36113876000191</cnpjDeclarante>
 </ideDeclarante>
 <ideDeclarado>
  <tpNI>2</tpNI>
  <NIDeclarado>04531065000114</NIDeclarado>
  <NomeDeclarado>PRAVALER S/A</NomeDeclarado>
  <EnderecoLivre>R DOUTOR FERNANDES COELHO , 64 , ANDAR 1 , SÃO PAULO,  SP</EnderecoLivre>
  <PaisEndereco>
   <Pais>BR</Pais>
  </PaisEndereco>
 </ideDeclarado>
 <mesCaixa>
  <anoMesCaixa>202307</anoMesCaixa>
  <movOpFin>
   <Conta>
    <infoConta>
     <Reportavel>
      <Pais>BR</Pais>
     </Reportavel>
     <tpConta>3</tpConta>
     <subTpConta>301</subTpConta>
     <tpNumConta>OECD605</tpNumConta>
     <numConta>9931_SUB01|04531065000114</numConta>
     <tpRelacaoDeclarado>1</tpRelacaoDeclarado>
     <Fundo>
      <CNPJ>8417544000165</CNPJ>
     </Fundo>
     <BalancoConta>
      <totCreditos>0,0</totCreditos>
      <totDebitos>9999998,82</totDebitos>
      <totCreditosMesmaTitularidade>0,00</totCreditosMesmaTitularidade>
      <totDebitosMesmaTitularidade>0,00</totDebitosMesmaTitularidade>
     </BalancoConta>
     <PgtosAcum>
      <tpPgto>FATC503</tpPgto>
      <totPgtosAcum>47499993,71</totPgtosAcum>
     </PgtosAcum>
    </infoConta>
   </Conta>
   <Conta>
    <infoConta>
     <Reportavel>
      <Pais>BR</Pais>
     </Reportavel>
     <tpConta>3</tpConta>
     <subTpConta>301</subTpConta>
     <tpNumConta>OECD605</tpNumConta>
     <numConta>11001_SUB01|04531065000114</numConta>
     <tpRelacaoDeclarado>1</tpRelacaoDeclarado>
     <Fundo>
      <CNPJ>26749095000134</CNPJ>
     </Fundo>
     <BalancoConta>
      <totCreditos>0,0</totCreditos>
      <totDebitos>1000000,0</totDebitos>
      <totCreditosMesmaTitularidade>0,00</totCreditosMesmaTitularidade>
      <totDebitosMesmaTitularidade>0,00</totDebitosMesmaTitularidade>
     </BalancoConta>
     <PgtosAcum>
      <tpPgto>FATC503</tpPgto>
      <totPgtosAcum>6000000,01</totPgtosAcum>
     </PgtosAcum>
    </infoConta>
   </Conta>
  </movOpFin>
 </mesCaixa>
</eFinanceira>
