<?xml version="1.0" ?>
<eFinanceira>
 <evtMovOpFin xmlns="" ID="ID500000000000591831"/>
 <ideEvento>
  <indRetificacao>1</indRetificacao>
  <tpAmb>1</tpAmb>
  <aplicEmi>1</aplicEmi>
  <verAplic>00000000000000000001</verAplic>
 </ideEvento>
 <ideDeclarante>
  <cnpjDeclarante>36113876000191</cnpjDeclarante>
 </ideDeclarante>
 <ideDeclarado>
  <tpNI>2</tpNI>
  <NIDeclarado>13895002000138</NIDeclarado>
  <NomeDeclarado>POLICARD II FDO DE INVEST EM DIREITOS CRE</NomeDeclarado>
  <EnderecoLivre>AV PRESIDENTE JUSCELINO KUBITSCHEK , 2041 , E 2235 - BLOCO A (PARTE) , SÃO PAULO,  SP</EnderecoLivre>
  <PaisEndereco>
   <Pais>BR</Pais>
  </PaisEndereco>
 </ideDeclarado>
 <mesCaixa>
  <anoMesCaixa>202307</anoMesCaixa>
  <movOpFin>
   <Conta>
    <infoConta>
     <Reportavel>
      <Pais>BR</Pais>
     </Reportavel>
     <tpConta>3</tpConta>
     <subTpConta>301</subTpConta>
     <tpNumConta>OECD605</tpNumConta>
     <numConta>1944|13895002000138</numConta>
     <tpRelacaoDeclarado>1</tpRelacaoDeclarado>
     <Fundo>
      <CNPJ>17455369000191</CNPJ>
     </Fundo>
     <BalancoConta>
      <totCreditos>4870200,0</totCreditos>
      <totDebitos>3877727,03</totDebitos>
      <totCreditosMesmaTitularidade>0,00</totCreditosMesmaTitularidade>
      <totDebitosMesmaTitularidade>0,00</totDebitosMesmaTitularidade>
     </BalancoConta>
     <PgtosAcum>
      <tpPgto>FATC503</tpPgto>
      <totPgtosAcum>34829838,41</totPgtosAcum>
     </PgtosAcum>
    </infoConta>
   </Conta>
  </movOpFin>
 </mesCaixa>
</eFinanceira>
