<?xml version="1.0" ?>
<eFinanceira>
 <evtMovOpFin xmlns="" ID="ID500000000000591831"/>
 <ideEvento>
  <indRetificacao>1</indRetificacao>
  <tpAmb>1</tpAmb>
  <aplicEmi>1</aplicEmi>
  <verAplic>00000000000000000001</verAplic>
 </ideEvento>
 <ideDeclarante>
  <cnpjDeclarante>36113876000191</cnpjDeclarante>
 </ideDeclarante>
 <ideDeclarado>
  <tpNI>2</tpNI>
  <NIDeclarado>23820645000176</NIDeclarado>
  <NomeDeclarado>MCFL PARTICIPAÇÕES S.A.</NomeDeclarado>
  <EnderecoLivre/>
  <PaisEndereco>
   <Pais/>
  </PaisEndereco>
 </ideDeclarado>
 <mesCaixa>
  <anoMesCaixa>202307</anoMesCaixa>
  <movOpFin>
   <Conta>
    <infoConta>
     <Reportavel>
      <Pais>BR</Pais>
     </Reportavel>
     <tpConta>3</tpConta>
     <subTpConta>301</subTpConta>
     <tpNumConta>OECD605</tpNumConta>
     <numConta>1944|23820645000176</numConta>
     <tpRelacaoDeclarado>1</tpRelacaoDeclarado>
     <Fundo>
      <CNPJ>17455369000191</CNPJ>
     </Fundo>
     <BalancoConta>
      <totCreditos>0,0</totCreditos>
      <totDebitos>4173,15</totDebitos>
      <totCreditosMesmaTitularidade>0,00</totCreditosMesmaTitularidade>
      <totDebitosMesmaTitularidade>0,00</totDebitosMesmaTitularidade>
     </BalancoConta>
     <PgtosAcum>
      <tpPgto>FATC503</tpPgto>
      <totPgtosAcum>40614,01</totPgtosAcum>
     </PgtosAcum>
    </infoConta>
   </Conta>
  </movOpFin>
 </mesCaixa>
</eFinanceira>
