<?xml version="1.0" ?>
<eFinanceira>
 <evtMovOpFin xmlns="" ID="ID500000000000591831"/>
 <ideEvento>
  <indRetificacao>1</indRetificacao>
  <tpAmb>1</tpAmb>
  <aplicEmi>1</aplicEmi>
  <verAplic>00000000000000000001</verAplic>
 </ideEvento>
 <ideDeclarante>
  <cnpjDeclarante>36113876000191</cnpjDeclarante>
 </ideDeclarante>
 <ideDeclarado>
  <tpNI>2</tpNI>
  <NIDeclarado>01722480000167</NIDeclarado>
  <NomeDeclarado>QUERO-QUERO VERDECARD INSTITUICAO DE PAGAMENT</NomeDeclarado>
  <EnderecoLivre>AV GENERAL FLORES DA CUNHA , 1943 , SALA 01 , CACHOEIRINHA,  RS</EnderecoLivre>
  <PaisEndereco>
   <Pais>BR</Pais>
  </PaisEndereco>
 </ideDeclarado>
 <mesCaixa>
  <anoMesCaixa>202307</anoMesCaixa>
  <movOpFin>
   <Conta>
    <infoConta>
     <Reportavel>
      <Pais>BR</Pais>
     </Reportavel>
     <tpConta>3</tpConta>
     <subTpConta>301</subTpConta>
     <tpNumConta>OECD605</tpNumConta>
     <numConta>12301_SUB01|01722480000167</numConta>
     <tpRelacaoDeclarado>1</tpRelacaoDeclarado>
     <Fundo>
      <CNPJ>26722650000134</CNPJ>
     </Fundo>
     <BalancoConta>
      <totCreditos>75000000,0</totCreditos>
      <totDebitos>75000000,0</totDebitos>
      <totCreditosMesmaTitularidade>0,00</totCreditosMesmaTitularidade>
      <totDebitosMesmaTitularidade>0,00</totDebitosMesmaTitularidade>
     </BalancoConta>
     <PgtosAcum>
      <tpPgto>FATC503</tpPgto>
      <totPgtosAcum>86000000,0</totPgtosAcum>
     </PgtosAcum>
    </infoConta>
   </Conta>
  </movOpFin>
 </mesCaixa>
</eFinanceira>
