<?xml version="1.0" ?>
<eFinanceira>
 <evtMovOpFin xmlns="" ID="ID500000000000591831"/>
 <ideEvento>
  <indRetificacao>1</indRetificacao>
  <tpAmb>1</tpAmb>
  <aplicEmi>1</aplicEmi>
  <verAplic>00000000000000000001</verAplic>
 </ideEvento>
 <ideDeclarante>
  <cnpjDeclarante>36113876000191</cnpjDeclarante>
 </ideDeclarante>
 <ideDeclarado>
  <tpNI>2</tpNI>
  <NIDeclarado>22652091000182</NIDeclarado>
  <NomeDeclarado>EMPIRICA LOTUS IPCA FDO DE INVEST EM COTA</NomeDeclarado>
  <EnderecoLivre>PR DE BOTAFOGO , 501 , ANDAR: 5 PARTE; , RIO DE JANEIRO,  RJ</EnderecoLivre>
  <PaisEndereco>
   <Pais>BR</Pais>
  </PaisEndereco>
 </ideDeclarado>
 <mesCaixa>
  <anoMesCaixa>202307</anoMesCaixa>
  <movOpFin>
   <Conta>
    <infoConta>
     <Reportavel>
      <Pais>BR</Pais>
     </Reportavel>
     <tpConta>3</tpConta>
     <subTpConta>301</subTpConta>
     <tpNumConta>OECD605</tpNumConta>
     <numConta>9801|22652091000182</numConta>
     <tpRelacaoDeclarado>1</tpRelacaoDeclarado>
     <Fundo>
      <CNPJ>25235009000102</CNPJ>
     </Fundo>
     <BalancoConta>
      <totCreditos>0</totCreditos>
      <totDebitos>0</totDebitos>
      <totCreditosMesmaTitularidade>0,00</totCreditosMesmaTitularidade>
      <totDebitosMesmaTitularidade>0,00</totDebitosMesmaTitularidade>
     </BalancoConta>
     <PgtosAcum>
      <tpPgto>FATC503</tpPgto>
      <totPgtosAcum>1093317,16</totPgtosAcum>
     </PgtosAcum>
    </infoConta>
   </Conta>
   <Conta>
    <infoConta>
     <Reportavel>
      <Pais>BR</Pais>
     </Reportavel>
     <tpConta>3</tpConta>
     <subTpConta>301</subTpConta>
     <tpNumConta>OECD605</tpNumConta>
     <numConta>9801|22652091000182</numConta>
     <tpRelacaoDeclarado>1</tpRelacaoDeclarado>
     <Fundo>
      <CNPJ>25235009000102</CNPJ>
     </Fundo>
     <BalancoConta>
      <totCreditos>0</totCreditos>
      <totDebitos>0</totDebitos>
      <totCreditosMesmaTitularidade>0,00</totCreditosMesmaTitularidade>
      <totDebitosMesmaTitularidade>0,00</totDebitosMesmaTitularidade>
     </BalancoConta>
     <PgtosAcum>
      <tpPgto>FATC503</tpPgto>
      <totPgtosAcum>1093317,16</totPgtosAcum>
     </PgtosAcum>
    </infoConta>
   </Conta>
   <Conta>
    <infoConta>
     <Reportavel>
      <Pais>BR</Pais>
     </Reportavel>
     <tpConta>3</tpConta>
     <subTpConta>301</subTpConta>
     <tpNumConta>OECD605</tpNumConta>
     <numConta>9801|22652091000182</numConta>
     <tpRelacaoDeclarado>1</tpRelacaoDeclarado>
     <Fundo>
      <CNPJ>25235009000102</CNPJ>
     </Fundo>
     <BalancoConta>
      <totCreditos>0</totCreditos>
      <totDebitos>0</totDebitos>
      <totCreditosMesmaTitularidade>0,00</totCreditosMesmaTitularidade>
      <totDebitosMesmaTitularidade>0,00</totDebitosMesmaTitularidade>
     </BalancoConta>
     <PgtosAcum>
      <tpPgto>FATC503</tpPgto>
      <totPgtosAcum>1093317,16</totPgtosAcum>
     </PgtosAcum>
    </infoConta>
   </Conta>
  </movOpFin>
 </mesCaixa>
</eFinanceira>
