,id,tipo_ativo,ativo,data,quantidade,price,volume
0,705,DEB,AALM11,2023-01-31,400000.0,1000.0,400000000.0
1,706,DEB,ABFR11,2023-01-31,30000.0,1000.0,30000000.0
2,707,DEB,ACEN11,2023-01-31,70000.0,1000.0,70000000.0
3,708,DEB,AEAB11,2023-01-31,950000.0,1000.0,950000000.0
4,709,DEB,AEAM12,2023-01-31,457000.0,1000.0,457000000.0
5,710,DEB,AEGE15,2023-01-31,700000.0,1000.0,700000000.0
6,711,DEB,AEGPA0,2023-01-31,2780000.0,1000.0,2780000000.0
7,712,DEB,AEGP14,2023-01-31,305000.0,1000.0,305000000.0
8,713,DEB,AEGP17,2023-01-31,400000.0,1000.0,400000000.0
9,714,DEB,AEGP19,2023-01-31,800000.0,1000.0,800000000.0
10,715,DEB,AERI11,2023-01-31,600000.0,1000.0,600000000.0
11,716,DEB,AERI12,2023-01-31,700000.0,1000.0,700000000.0
12,717,DEB,AESB11,2023-01-31,1100000.0,1000.0,1100000000.0
13,718,DEB,AGAL11,2023-01-31,55700.0,1000.0,55700000.0
14,719,DEB,AGEO24,2023-01-31,30000000.0,1.0,30000000.0
15,720,DEB,AGLT11,2023-01-31,150000.0,1000.0,150000000.0
16,721,DEB,AGLT12,2023-01-31,150000.0,1000.0,150000000.0
17,722,DEB,AGNN12,2023-01-31,200000.0,1000.0,200000000.0
18,723,DEB,AGPT11,2023-01-31,217000.0,1000.0,217000000.0
19,724,DEB,ALES16,2023-01-31,400000.0,1000.0,400000000.0
20,725,DEB,ALES25,2023-01-31,600000.0,1000.0,600000000.0
21,726,DEB,ALMC12,2023-01-31,500000.0,1000.0,500000000.0
22,727,DEB,AMBP12,2023-01-31,500000.0,1000.0,500000000.0
23,728,DEB,AMBP13,2023-01-31,750000.0,1000.0,750000000.0
24,729,DEB,AMBP14,2023-01-31,1000000.0,1000.0,1000000000.0
25,730,DEB,AMMS11,2023-01-31,150000.0,1000.0,150000000.0
26,731,DEB,ANIM12,2023-01-31,350000.0,1000.0,350000000.0
27,732,DEB,ARAJ11,2023-01-31,40000.0,1000.0,40000000.0
28,733,DEB,ARCV12,2023-01-31,52000.0,1000.0,52000000.0
29,734,DEB,ASAB11,2023-01-31,315000.0,1000.0,315000000.0
30,735,DEB,ASCV11,2023-01-31,25000.0,1000.0,25000000.0
31,736,DEB,ASHS11,2023-01-31,140000.0,1000.0,140000000.0
32,737,DEB,ATEA11,2023-01-31,725000.0,1000.0,725000000.0
33,738,DEB,ATEA12,2023-01-31,200000.0,1000.0,200000000.0
34,739,DEB,ATEA22,2023-01-31,100000.0,1000.0,100000000.0
35,740,DEB,ATEV11,2023-01-31,21277.0,1000.0,21277000.0
36,741,DEB,ATEV21,2023-01-31,3723.0,1000.0,3723000.0
37,742,DEB,AVTE11,2023-01-31,2350.0,10000.0,23500000.0
38,743,DEB,BAEP11,2023-01-31,150000.0,1000.0,150000000.0
39,744,DEB,BBRM11,2023-01-31,50000.0,1000.0,50000000.0
40,745,DEB,BFFT13,2023-01-31,55000.0,1000.0,55000000.0
41,746,DEB,BISC13,2023-01-31,160000.0,1000.0,160000000.0
42,747,DEB,BLNT11,2023-01-31,200000.0,1000.0,200000000.0
43,748,DEB,BLUE12,2023-01-31,35000.0,1000.0,35000000.0
44,749,DEB,BMPS11,2023-01-31,300000.0,1000.0,300000000.0
45,750,DEB,BNOM21,2023-01-31,92440.0,1000.0,92440000.0
46,751,DEB,BPSE11,2023-01-31,550000.0,1000.0,550000000.0
47,752,DEB,BRNX13,2023-01-31,90000.0,1000.0,90000000.0
48,753,DEB,BRST11,2023-01-31,500000.0,1000.0,500000000.0
49,754,DEB,BSBE11,2023-01-31,345000.0,1000.0,345000000.0
50,755,DEB,BSEN11,2023-01-31,110000.0,1000.0,110000000.0
51,756,DEB,CAMLA1,2023-01-31,150000.0,1000.0,150000000.0
52,757,DEB,CAMLB1,2023-01-31,500000.0,1000.0,500000000.0
53,758,DEB,CAML10,2023-01-31,600000.0,1000.0,600000000.0
54,759,DEB,CAML19,2023-01-31,350000.0,1000.0,350000000.0
55,760,DEB,CASN12,2023-01-31,60000.0,10000.0,600000000.0
56,761,DEB,CBAN12,2023-01-31,859479.0,1000.0,859479000.0
57,762,DEB,CBAN22,2023-01-31,700000.0,1000.0,700000000.0
58,763,DEB,CBAN32,2023-01-31,240771.0,1000.0,240771000.0
59,764,DEB,CBAN52,2023-01-31,199750.0,1000.0,199750000.0
60,765,DEB,CBAN72,2023-01-31,167482.0,1000.0,167482000.0
61,766,DEB,CBPF11,2023-01-31,100000.0,1000.0,100000000.0
62,767,DEB,CEAB11,2023-01-31,500000.0,1000.0,500000000.0
63,768,DEB,CEAB12,2023-01-31,247500.0,1000.0,247500000.0
64,769,DEB,CEAB22,2023-01-31,352500.0,1000.0,352500000.0
65,770,DEB,CEOS11,2023-01-31,357893756.0,1.0,357893756.0
66,771,DEB,CEOS21,2023-01-31,313912565.0,1.0,313912565.0
67,772,DEB,CEOS31,2023-01-31,95317302.0,1.0,95317302.0
68,773,DEB,CEOS41,2023-01-31,317416240.0,1.0,317416240.0
69,774,DEB,CEOS51,2023-01-31,292069412.0,1.0,292069412.0
70,775,DEB,CERR16,2023-01-31,200000.0,1000.0,200000000.0
71,776,DEB,CGBP13,2023-01-31,625000.0,1000.0,625000000.0
72,777,DEB,CGDE21,2023-01-31,190000.0,1000.0,190000000.0
73,778,DEB,CJEN13,2023-01-31,350000.0,1000.0,350000000.0
74,779,DEB,CLAG13,2023-01-31,400000.0,1000.0,400000000.0
75,780,DEB,CLBH11,2023-01-31,75000.0,1000.0,75000000.0
76,781,DEB,CLCD13,2023-01-31,250000.0,1000.0,250000000.0
77,782,DEB,CLGP11,2023-01-31,14000.0,1000.0,14000000.0
78,783,DEB,CLGP12,2023-01-31,4500.0,1000.0,4500000.0
79,784,DEB,CLOR11,2023-01-31,565000.0,1000.0,565000000.0
80,785,DEB,CMIN11,2023-01-31,576448.0,1000.0,576448000.0
81,786,DEB,CMIN12,2023-01-31,745000.0,1000.0,745000000.0
82,787,DEB,CMIN21,2023-01-31,423552.0,1000.0,423552000.0
83,788,DEB,CMIN22,2023-01-31,655000.0,1000.0,655000000.0
84,789,DEB,CMRV11,2023-01-31,500000.0,1000.0,500000000.0
85,790,DEB,CMRV12,2023-01-31,270000.0,1000.0,270000000.0
86,791,DEB,CNCC11,2023-01-31,75000.0,1000.0,75000000.0
87,792,DEB,CNVI11,2023-01-31,61138.0,1000.0,61138000.0
88,793,DEB,CNVI21,2023-01-31,5862.0,1000.0,5862000.0
89,794,DEB,COCE18,2023-01-31,600000.0,1000.0,600000000.0
90,795,DEB,COCE19,2023-01-31,950000.0,1000.0,950000000.0
91,796,DEB,COGN16,2023-01-31,500000.0,1000.0,500000000.0
92,797,DEB,CONF11,2023-01-31,215000.0,1000.0,215000000.0
93,798,DEB,CPOG11,2023-01-31,550000.0,1000.0,550000000.0
94,799,DEB,CPPA11,2023-01-31,10500.0,10000.0,105000000.0
95,800,DEB,CPTE12,2023-01-31,250000.0,1000.0,250000000.0
96,801,DEB,CPTM15,2023-01-31,1000000.0,1000.0,1000000000.0
97,802,DEB,CRCG12,2023-01-31,1000000.0,1000.0,1000000000.0
98,803,DEB,CRCG22,2023-01-31,200000.0,1000.0,200000000.0
99,804,DEB,CSMGA5,2023-01-31,500000.0,1000.0,500000000.0
100,805,DEB,CSNAA1,2023-01-31,1500000.0,1000.0,1500000000.0
101,806,DEB,CSNS12,2023-01-31,675000.0,1000.0,675000000.0
102,807,DEB,CTEEA0,2023-01-31,672500.0,1000.0,672500000.0
103,808,DEB,CTEE1B,2023-01-31,668833.0,1000.0,668833000.0
104,809,DEB,CTEE19,2023-01-31,800000.0,1000.0,800000000.0
105,810,DEB,CTEE2B,2023-01-31,281167.0,1000.0,281167000.0
106,811,DEB,CTEE29,2023-01-31,800000.0,1000.0,800000000.0
107,812,DEB,CYREA4,2023-01-31,750000.0,1000.0,750000000.0
108,813,DEB,DETR11,2023-01-31,80000.0,1000.0,80000000.0
109,814,DEB,DIAN14,2023-01-31,40000.0,1000.0,40000000.0
110,815,DEB,DIAN24,2023-01-31,35000.0,1000.0,35000000.0
111,816,DEB,DTEX12,2023-01-31,120000.0,10000.0,1200000000.0
112,817,DEB,EESG12,2023-01-31,1000000.0,1000.0,1000000000.0
113,818,DEB,EGVG11,2023-01-31,519000.0,1000.0,519000000.0
114,819,DEB,EGVG21,2023-01-31,281000.0,1000.0,281000000.0
115,820,DEB,ELKZ12,2023-01-31,110000.0,1000.0,110000000.0
116,821,DEB,ELMD13,2023-01-31,660000.0,1000.0,660000000.0
117,822,DEB,ELPLA6,2023-01-31,575000.0,1000.0,575000000.0
118,823,DEB,ELPLA7,2023-01-31,800000.0,1000.0,800000000.0
119,824,DEB,ELRV11,2023-01-31,805000.0,1000.0,805000000.0
120,825,DEB,ELTE11,2023-01-31,500000.0,1000.0,500000000.0
121,826,DEB,ELZM12,2023-01-31,100000.0,1000.0,100000000.0
122,827,DEB,ELZM13,2023-01-31,100000.0,1000.0,100000000.0
123,828,DEB,EMGP12,2023-01-31,250000.0,1000.0,250000000.0
124,829,DEB,EVOT11,2023-01-31,70000.0,1000.0,70000000.0
125,830,DEB,FLAP11,2023-01-31,195000.0,1000.0,195000000.0
126,831,DEB,FLAP21,2023-01-31,195000.0,1000.0,195000000.0
127,832,DEB,FOBR12,2023-01-31,20000000.0,1.0,20000000.0
128,833,DEB,FRAS13,2023-01-31,210000.0,1000.0,210000000.0
129,834,DEB,FRAS14,2023-01-31,210000.0,1000.0,210000000.0
130,835,DEB,FSFT11,2023-01-31,150000.0,1000.0,150000000.0
131,836,DEB,FVII11,2023-01-31,38809.0,1000.0,38809000.0
132,837,DEB,FVII21,2023-01-31,3191.0,1000.0,3191000.0
133,838,DEB,GAMZ13,2023-01-31,190000.0,0.0,0.0
134,839,DEB,GBSP11,2023-01-31,600000.0,1000.0,600000000.0
135,840,DEB,GCII12,2023-01-31,30.0,100000.0,3000000.0
136,841,DEB,GDSN11,2023-01-31,325000.0,1000.0,325000000.0
137,842,DEB,GFMP11,2023-01-31,76500.0,1000.0,76500000.0
138,843,DEB,GFTP11,2023-01-31,80100.0,1000.0,80100000.0
139,844,DEB,GJAI12,2023-01-31,56696.0,1000.0,56696000.0
140,845,DEB,GRMX11,2023-01-31,60000.0,1000.0,60000000.0
141,846,DEB,GRNS11,2023-01-31,152000.0,1000.0,152000000.0
142,847,DEB,GRRB14,2023-01-31,30390.0,10000.0,303900000.0
143,848,DEB,GRRB15,2023-01-31,350000.0,1000.0,350000000.0
144,849,DEB,GRRB24,2023-01-31,27610.0,10000.0,276100000.0
145,850,DEB,GSTS13,2023-01-31,200000.0,1000.0,200000000.0
146,851,DEB,GSTS14,2023-01-31,409317.0,1000.0,409317000.0
147,852,DEB,GSTS24,2023-01-31,190683.0,1000.0,190683000.0
148,853,DEB,GTSA11,2023-01-31,325000.0,1000.0,325000000.0
149,854,DEB,GUGE11,2023-01-31,58000.0,1000.0,58000000.0
150,855,DEB,HBSA11,2023-01-31,280000.0,1000.0,280000000.0
151,856,DEB,HBSA12,2023-01-31,395000.0,1000.0,395000000.0
152,857,DEB,HBSA21,2023-01-31,100000.0,1000.0,100000000.0
153,858,DEB,HBSA22,2023-01-31,105000.0,1000.0,105000000.0
154,859,DEB,HIAG11,2023-01-31,70000.0,1000.0,70000000.0
155,860,DEB,HMRD11,2023-01-31,10000.0,10000.0,100000000.0
156,861,DEB,IBPB11,2023-01-31,116000.0,1000.0,116000000.0
157,862,DEB,IGTAA0,2023-01-31,100000.0,1000.0,100000000.0
158,863,DEB,IGTAA1,2023-01-31,263871.0,1000.0,263871000.0
159,864,DEB,IGTAB0,2023-01-31,400000.0,1000.0,400000000.0
160,865,DEB,IGTAB1,2023-01-31,236129.0,1000.0,236129000.0
161,866,DEB,IGTA19,2023-01-31,300000.0,1000.0,300000000.0
162,867,DEB,IPIA11,2023-01-31,200000.0,1000.0,200000000.0
163,868,DEB,IPIA12,2023-01-31,150000.0,1000.0,150000000.0
164,869,DEB,IPIA13,2023-01-31,200000.0,1000.0,200000000.0
165,870,DEB,IPTO12,2023-01-31,4100000.0,100.0,410000000.0
166,871,DEB,ITPE12,2023-01-31,100000.0,1000.0,100000000.0
167,872,DEB,IVHG11,2023-01-31,60000.0,1000.0,60000000.0
168,873,DEB,JFLV11,2023-01-31,60000.0,1000.0,60000000.0
169,874,DEB,JMCD13,2023-01-31,181.0,500000.0,90500000.0
170,875,DEB,JURU11,2023-01-31,5000.0,10000.0,50000000.0
171,876,DEB,KATR11,2023-01-31,200000.0,1000.0,200000000.0
172,877,DEB,KLAS12,2023-01-31,150000.0,1000.0,150000000.0
173,878,DEB,LBDA12,2023-01-31,218500.0,1000.0,218500000.0
174,879,DEB,LETS14,2023-01-31,80000.0,1000.0,80000000.0
175,880,DEB,LETS15,2023-01-31,160000.0,1000.0,160000000.0
176,881,DEB,LJQQ12,2023-01-31,150000.0,1000.0,150000000.0
177,882,DEB,LJQQ13,2023-01-31,100000.0,1000.0,100000000.0
178,883,DEB,LMOV11,2023-01-31,150000.0,1000.0,150000000.0
179,884,DEB,LNDV11,2023-01-31,51243.0,1000.0,51243000.0
180,885,DEB,LNDV21,2023-01-31,4757.0,1000.0,4757000.0
181,886,DEB,LTTE15,2023-01-31,410000.0,1049.684,430370440.0
182,887,DEB,LXIN12,2023-01-31,120000.0,1000.0,120000000.0
183,888,DEB,MCBG11,2023-01-31,370000.0,1000.0,370000000.0
184,889,DEB,MDLR13,2023-01-31,217643.0,1000.0,217643000.0
185,890,DEB,MEZP11,2023-01-31,250000.0,1000.0,250000000.0
186,891,DEB,MEZQ11,2023-01-31,36500.0,1000.0,36500000.0
187,892,DEB,MEZT11,2023-01-31,36500.0,1000.0,36500000.0
188,893,DEB,MEZU11,2023-01-31,75300.0,1000.0,75300000.0
189,894,DEB,MEZU12,2023-01-31,62000.0,1000.0,62000000.0
190,895,DEB,MEZ611,2023-01-31,30000.0,1000.0,30000000.0
191,896,DEB,MHSM11,2023-01-31,450000.0,1000.0,450000000.0
192,897,DEB,MMIP12,2023-01-31,600000.0,1000.0,600000000.0
193,898,DEB,MNAU13,2023-01-31,310000.0,1000.0,310000000.0
194,899,DEB,MNAU14,2023-01-31,350000.0,1000.0,350000000.0
195,900,DEB,MNRVA1,2023-01-31,400000.0,1000.0,400000000.0
196,901,DEB,MOBP12,2023-01-31,10000.0,10000.0,100000000.0
197,902,DEB,MOBP13,2023-01-31,110000.0,1000.0,110000000.0
198,903,DEB,MOBS12,2023-01-31,41000.0,1000.0,41000000.0
199,904,DEB,MRHP11,2023-01-31,80000.0,1000.0,80000000.0
200,905,DEB,MRTR11,2023-01-31,150000.0,1000.0,150000000.0
201,906,DEB,MRVEA7,2023-01-31,50000.0,1000.0,50000000.0
202,907,DEB,MSGT12,2023-01-31,210000.0,1000.0,210000000.0
203,908,DEB,MSGT13,2023-01-31,400000.0,1000.0,400000000.0
204,909,DEB,MSGT23,2023-01-31,549954.0,1000.0,549954000.0
205,910,DEB,MSGT33,2023-01-31,550000.0,1000.0,550000000.0
206,911,DEB,NADR19,2023-01-31,361410.0,1000.0,361410000.0
207,912,DEB,NGRD11,2023-01-31,110000.0,1000.0,110000000.0
208,913,DEB,NIGP11,2023-01-31,1547187.0,1000.0,1547187000.0
209,914,DEB,NIGP12,2023-01-31,1500000.0,1000.0,1500000000.0
210,915,DEB,NISS14,2023-01-31,70000.0,1000.0,70000000.0
211,916,DEB,NISS24,2023-01-31,50000.0,1000.0,50000000.0
212,917,DEB,NTSD15,2023-01-31,1000000.0,1000.0,1000000000.0
213,918,DEB,NTSD25,2023-01-31,1500000.0,1000.0,1500000000.0
214,919,DEB,NTSD35,2023-01-31,1000000.0,1000.0,1000000000.0
215,920,DEB,NVIE11,2023-01-31,91898.0,1000.0,91898000.0
216,921,DEB,OCRM11,2023-01-31,10000.0,1000.0,10000000.0
217,922,DEB,OGDS11,2023-01-31,650000.0,1000.0,650000000.0
218,923,DEB,OMGE11,2023-01-31,308600.0,1000.0,308600000.0
219,924,DEB,OMGE12,2023-01-31,110000.0,1000.0,110000000.0
220,925,DEB,OMGE13,2023-01-31,1050000.0,1000.0,1050000000.0
221,926,DEB,OMGE21,2023-01-31,168000.0,1000.0,168000000.0
222,927,DEB,OMGE22,2023-01-31,50000.0,1000.0,50000000.0
223,928,DEB,OMGE31,2023-01-31,183400.0,1000.0,183400000.0
224,929,DEB,OMGE41,2023-01-31,150000.0,1000.0,150000000.0
225,930,DEB,OSXC11,2023-01-31,17847.0,1000.0,17847000.0
226,931,DEB,OSXC21,2023-01-31,1049797.0,1000.0,1049797000.0
227,932,DEB,OSXC51,2023-01-31,2156.0,1000.0,2156000.0
228,933,DEB,OSXC61,2023-01-31,23310.0,1000.0,23310000.0
229,934,DEB,PADT11,2023-01-31,40000.0,1000.0,40000000.0
230,935,DEB,PAMP11,2023-01-31,379000.0,1000.0,379000000.0
231,936,DEB,PETZ12,2023-01-31,200000000.0,1.0,200000000.0
232,937,DEB,PNEU11,2023-01-31,119960152.0,1.0,119960152.0
233,938,DEB,PPGE11,2023-01-31,120000.0,1000.0,120000000.0
234,939,DEB,PPGE12,2023-01-31,120000.0,1000.0,120000000.0
235,940,DEB,PRLG14,2023-01-31,10000.0,10000.0,100000000.0
236,941,DEB,PRLG15,2023-01-31,150000.0,1000.0,150000000.0
237,942,DEB,PRLK11,2023-01-31,415930.0,1000.0,415930000.0
238,943,DEB,PTAZ11,2023-01-31,220000.0,1000.0,220000000.0
239,944,DEB,QMCT12,2023-01-31,620000.0,1000.0,620000000.0
240,945,DEB,QUAT13,2023-01-31,450000.0,1000.0,450000000.0
241,946,DEB,RADL15,2023-01-31,500000.0,1000.0,500000000.0
242,947,DEB,RAGH11,2023-01-31,250000.0,1000.0,250000000.0
243,948,DEB,RATL11,2023-01-31,160000.0,1000.0,160000000.0
244,949,DEB,RBXR11,2023-01-31,170000.0,1000.0,170000000.0
245,950,DEB,RISP11,2023-01-31,3200000.0,1000.0,3200000000.0
246,951,DEB,RISP21,2023-01-31,1200000.0,1000.0,1200000000.0
247,952,DEB,RIS411,2023-01-31,2570000.0,1000.0,2570000000.0
248,953,DEB,RIS421,2023-01-31,830000.0,1000.0,830000000.0
249,954,DEB,RMGL11,2023-01-31,200000.0,1000.0,200000000.0
250,955,DEB,RODB11,2023-01-31,600000.0,1000.0,600000000.0
251,956,DEB,RPPB11,2023-01-31,320000.0,1000.0,320000000.0
252,957,DEB,RPRG13,2023-01-31,130000.0,1000.0,130000000.0
253,958,DEB,RSAN24,2023-01-31,150000.0,1000.0,150000000.0
254,959,DEB,RSAN34,2023-01-31,115000.0,1000.0,115000000.0
255,960,DEB,RSAN44,2023-01-31,335000.0,1000.0,335000000.0
256,961,DEB,RTCQ12,2023-01-31,60000.0,1000.0,60000000.0
257,962,DEB,SAPE12,2023-01-31,82000.0,1000.0,82000000.0
258,963,DEB,SCCC12,2023-01-31,460000.0,1000.0,460000000.0
259,964,DEB,SCCC22,2023-01-31,92000.0,1000.0,92000000.0
260,965,DEB,SCRC11,2023-01-31,400000.0,1000.0,400000000.0
261,966,DEB,SFEN11,2023-01-31,138000.0,1000.0,138000000.0
262,967,DEB,SLFT12,2023-01-31,13000.0,10000.0,130000000.0
263,968,DEB,SMFT15,2023-01-31,250000.0,1000.0,250000000.0
264,969,DEB,SMFT16,2023-01-31,1060000.0,1000.0,1060000000.0
265,970,DEB,SNGO15,2023-01-31,250000.0,1000.0,250000000.0
266,971,DEB,SNRA12,2023-01-31,30000.0,1000.0,30000000.0
267,972,DEB,SNRA13,2023-01-31,80000.0,1000.0,80000000.0
268,973,DEB,SNST13,2023-01-31,55000.0,1000.0,55000000.0
269,974,DEB,SOIN11,2023-01-31,84000000.0,1.0,84000000.0
270,975,DEB,SOLS11,2023-01-31,64847170.0,1.0,64847170.0
271,976,DEB,SOTE11,2023-01-31,150000.0,1000.0,150000000.0
272,977,DEB,SPCM13,2023-01-31,60000.0,1000.0,60000000.0
273,978,DEB,SPCM14,2023-01-31,150000.0,1000.0,150000000.0
274,979,DEB,SRCS11,2023-01-31,750000.0,1000.0,750000000.0
275,980,DEB,SRGI11,2023-01-31,250000.0,1000.0,250000000.0
276,981,DEB,SRGI12,2023-01-31,250000.0,1000.0,250000000.0
277,982,DEB,SRRH11,2023-01-31,40000.0,1000.0,40000000.0
278,983,DEB,SRVA11,2023-01-31,2200.0,100000.0,220000000.0
279,984,DEB,SSTE11,2023-01-31,50000.0,1000.0,50000000.0
280,985,DEB,STCO11,2023-01-31,40000.0,1000.0,40000000.0
281,986,DEB,STCO21,2023-01-31,100000.0,1000.0,100000000.0
282,987,DEB,STER11,2023-01-31,400000.0,1000.0,400000000.0
283,988,DEB,STLC11,2023-01-31,22500.0,1000.0,22500000.0
284,989,DEB,SUMI11,2023-01-31,180000.0,1000.0,180000000.0
285,990,DEB,SUMI12,2023-01-31,150000.0,1000.0,150000000.0
286,991,DEB,SUMI13,2023-01-31,418000.0,1000.0,418000000.0
287,992,DEB,SUPP11,2023-01-31,90000.0,1000.0,90000000.0
288,993,DEB,SVIT11,2023-01-31,9000.0,10000.0,90000000.0
289,994,DEB,SWLS11,2023-01-31,760000.0,1000.0,760000000.0
290,995,DEB,TAEB15,2023-01-31,480000.0,1000.0,480000000.0
291,996,DEB,TANA11,2023-01-31,40000.0,1000.0,40000000.0
292,997,DEB,TBEG11,2023-01-31,210000.0,1000.0,210000000.0
293,998,DEB,TBPA11,2023-01-31,50000.0,1000.0,50000000.0
294,999,DEB,TBUS12,2023-01-31,10000.0,1000.0,10000000.0
295,1000,DEB,TBUS22,2023-01-31,10000.0,1000.0,10000000.0
296,1001,DEB,TCII11,2023-01-31,300000.0,1000.0,300000000.0
297,1002,DEB,TEND14,2023-01-31,150000.0,1000.0,150000000.0
298,1003,DEB,TEND15,2023-01-31,150000.0,1000.0,150000000.0
299,1004,DEB,TEND16,2023-01-31,200000.0,1000.0,200000000.0
300,1005,DEB,TEND17,2023-01-31,200000.0,1000.0,200000000.0
301,1006,DEB,TEND19,2023-01-31,150000.0,1000.0,150000000.0
302,1007,DEB,TESP11,2023-01-31,112000.0,1000.0,112000000.0
303,1008,DEB,TIGR11,2023-01-31,251000.0,1000.0,251000000.0
304,1009,DEB,TIGR21,2023-01-31,349000.0,1000.0,349000000.0
305,1010,DEB,TLGE13,2023-01-31,180000.0,1000.0,180000000.0
306,1011,DEB,TNHL11,2023-01-31,200000.0,1000.0,200000000.0
307,1012,DEB,TOTS14,2023-01-31,1500000.0,1000.0,1500000000.0
308,1013,DEB,TPAR11,2023-01-31,150000.0,1000.0,150000000.0
309,1014,DEB,TRER11,2023-01-31,123000.0,1000.0,123000000.0
310,1015,DEB,TRIS16,2023-01-31,80.0,500000.0,40000000.0
311,1016,DEB,TRIS17,2023-01-31,150000.0,1000.0,150000000.0
312,1017,DEB,TRIS18,2023-01-31,150000.0,1000.0,150000000.0
313,1018,DEB,TRPI13,2023-01-31,407000.0,1000.0,407000000.0
314,1019,DEB,TSSS11,2023-01-31,500000.0,1000.0,500000000.0
315,1020,DEB,TSSS12,2023-01-31,750000.0,1000.0,750000000.0
316,1021,DEB,TSSS13,2023-01-31,1500000.0,1000.0,1500000000.0
317,1022,DEB,TUBI18,2023-01-31,76000.0,1000.0,76000000.0
318,1023,DEB,TUBI28,2023-01-31,15800.0,1000.0,15800000.0
319,1024,DEB,TUBI38,2023-01-31,14000.0,1000.0,14000000.0
320,1025,DEB,TUPY14,2023-01-31,1000000.0,1000.0,1000000000.0
321,1026,DEB,TVFI11,2023-01-31,103393.0,1000.0,103393000.0
322,1027,DEB,UFVP11,2023-01-31,200000.0,1000.0,200000000.0
323,1028,DEB,UNIP17,2023-01-31,500000.0,1000.0,500000000.0
324,1029,DEB,UNTE12,2023-01-31,150000.0,1000.0,150000000.0
325,1030,DEB,USCR11,2023-01-31,120000.0,1000.0,120000000.0
326,1031,DEB,USST11,2023-01-31,70000.0,1000.0,70000000.0
327,1032,DEB,VABC12,2023-01-31,80000.0,1000.0,80000000.0
328,1033,DEB,VABC13,2023-01-31,85000.0,1000.0,85000000.0
329,1034,DEB,VCCS11,2023-01-31,300000.0,1000.0,300000000.0
330,1035,DEB,VDIE11,2023-01-31,243119.0,1000.0,243119000.0
331,1036,DEB,VDQH12,2023-01-31,150000.0,1000.0,150000000.0
332,1037,DEB,VECS11,2023-01-31,1000000.0,1000.0,1000000000.0
333,1038,DEB,VECS21,2023-01-31,31000.0,1000.0,31000000.0
334,1039,DEB,VELH11,2023-01-31,300000.0,1000.0,300000000.0
335,1040,DEB,VIXL12,2023-01-31,180000.0,1000.0,180000000.0
336,1041,DEB,VIXL14,2023-01-31,300000.0,1000.0,300000000.0
337,1042,DEB,VIXL15,2023-01-31,203140.0,1000.0,203140000.0
338,1043,DEB,VIXL16,2023-01-31,125000.0,1000.0,125000000.0
339,1044,DEB,VIXL25,2023-01-31,238000.0,1000.0,238000000.0
340,1045,DEB,VIXL26,2023-01-31,125000.0,1000.0,125000000.0
341,1046,DEB,VIXL35,2023-01-31,218511.0,1000.0,218511000.0
342,1047,DEB,VIXL45,2023-01-31,115349.0,1000.0,115349000.0
343,1048,DEB,VNYD12,2023-01-31,250000.0,1000.0,250000000.0
344,1049,DEB,VSUL11,2023-01-31,227000.0,1000.0,227000000.0
345,1050,DEB,VSUL21,2023-01-31,98000.0,1000.0,98000000.0
346,1051,DEB,VVAR17,2023-01-31,461667.0,1000.0,461667000.0
347,1052,DEB,VVAR27,2023-01-31,538333.0,1000.0,538333000.0
348,1053,DEB,VVRT11,2023-01-31,1000000.0,1000.0,1000000000.0
349,1054,DEB,WETE11,2023-01-31,200000.0,1000.0,200000000.0
350,1055,DEB,WWHD11,2023-01-31,23.0,1000000.0,23000000.0
351,1056,DEB,ZEPP11,2023-01-31,60000.0,1000.0,60000000.0
352,1057,CRA,CRA01400012,2023-01-31,460800.0,651.04166666,299999999.99692804
353,1058,CRA,CRA0150000M,2023-01-31,2500.0,100000.0,250000000.0
354,1059,CRA,CRA01500005,2023-01-31,12000.0,1000.0,12000000.0
355,1060,CRA,CRA0160000X,2023-01-31,469845.0,1000.0,469845000.0
356,1061,CRA,CRA0160001F,2023-01-31,31367.0,1000.0,31367000.0
357,1062,CRA,CRA0160001G,2023-01-31,374000.0,1000.0,374000000.0
358,1063,CRA,CRA0160001L,2023-01-31,50.0,1000000.0,50000000.0
359,1064,CRA,CRA0160001U,2023-01-31,30.0,1000000.0,30000000.0
360,1065,CRA,CRA0160002S,2023-01-31,24000.0,1000.0,24000000.0
361,1066,CRA,CRA0160002U,2023-01-31,6000.0,1000.0,6000000.0
362,1067,CRA,CRA01600029,2023-01-31,494429.0,1000.0,494429000.0
363,1068,CRA,CRA017007KF,2023-01-31,68566.0,1000.0,68566000.0
364,1069,CRA,CRA017007KG,2023-01-31,521582.0,1000.0,521582000.0
365,1070,CRA,CRA018001JM,2023-01-31,25000.0,1000.0,25000000.0
366,1071,CRA,CRA018004SD,2023-01-31,221410.0,1000.0,221410000.0
367,1072,CRA,CRA01800465,2023-01-31,4550.0,10000.0,45500000.0
368,1073,CRA,CRA01800466,2023-01-31,1950.0,10000.0,19500000.0
369,1074,CRA,CRA018005EM,2023-01-31,10000.0,1000.0,10000000.0
370,1075,CRA,CRA019001E6,2023-01-31,200000.0,1000.0,200000000.0
371,1076,CRA,CRA019001E7,2023-01-31,800000.0,1000.0,800000000.0
372,1077,CRA,CRA019002H2,2023-01-31,24000.0,1000.0,24000000.0
373,1078,CRA,CRA019002H3,2023-01-31,6000.0,1000.0,6000000.0
374,1079,CRA,CRA019002S6,2023-01-31,10560.0,1000.0,10560000.0
375,1080,CRA,CRA019002S7,2023-01-31,2640.0,1000.0,2640000.0
376,1081,CRA,CRA019002XQ,2023-01-31,15999.0,1000.0,15999000.0
377,1082,CRA,CRA0190020E,2023-01-31,480614.0,1000.0,480614000.0
378,1083,CRA,CRA0190020F,2023-01-31,229574.0,1000.0,229574000.0
379,1084,CRA,CRA019003JY,2023-01-31,966291.0,1000.0,966291000.0
380,1085,CRA,CRA020003EC,2023-01-31,10500.0,1000.0,10500000.0
381,1086,CRA,CRA020003ED,2023-01-31,1500.0,1000.0,1500000.0
382,1087,CRA,CRA020003JV,2023-01-31,16100.0,1000.0,16100000.0
383,1088,CRA,CRA020003JW,2023-01-31,3450.0,1000.0,3450000.0
384,1089,CRA,CRA020003KC,2023-01-31,24000.0,1000.0,24000000.0
385,1090,CRA,CRA020003KD,2023-01-31,4000.0,1000.0,4000000.0
386,1091,CRA,CRA020003KE,2023-01-31,4000.0,1000.0,4000000.0
387,1092,CRA,CRA020003KG,2023-01-31,100000.0,1000.0,100000000.0
388,1093,CRA,CRA020003KH,2023-01-31,100000.0,1000.0,100000000.0
389,1094,CRA,CRA020003PR,2023-01-31,16000.0,1000.0,16000000.0
390,1095,CRA,CRA020003VO,2023-01-31,29323.0,1000.0,29323000.0
391,1096,CRA,CRA020003VP,2023-01-31,13328.0,1000.0,13328000.0
392,1097,CRA,CRA020003VR,2023-01-31,28000.0,1000.0,28000000.0
393,1098,CRA,CRA020003VS,2023-01-31,4000.0,1000.0,4000000.0
394,1099,CRA,CRA02000337,2023-01-31,20000.0,1000.0,20000000.0
395,1100,CRA,CRA02000338,2023-01-31,5000.0,1000.0,5000000.0
396,1101,CRA,CRA021000RT,2023-01-31,17404.0,1000.0,17404000.0
397,1102,CRA,CRA021000RU,2023-01-31,7252.0,1000.0,7252000.0
398,1103,CRA,CRA021000SE,2023-01-31,25000.0,1000.0,25000000.0
399,1104,CRA,CRA021001KB,2023-01-31,200000.0,1000.0,200000000.0
400,1105,CRA,CRA021001PQ,2023-01-31,777131.0,1000.0,777131000.0
401,1106,CRA,CRA021001VA,2023-01-31,422869.0,1000.0,422869000.0
402,1107,CRA,CRA021001VC,2023-01-31,271453.0,1000.0,271453000.0
403,1108,CRA,CRA021001VD,2023-01-31,31936.0,1000.0,31936000.0
404,1109,CRA,CRA0210012Z,2023-01-31,290198.0,1000.0,290198000.0
405,1110,CRA,CRA02100130,2023-01-31,189802.0,1000.0,189802000.0
406,1111,CRA,CRA02100132,2023-01-31,120000.0,1000.0,120000000.0
407,1112,CRA,CRA02100136,2023-01-31,45810.0,1000.0,45810000.0
408,1113,CRA,CRA02100137,2023-01-31,6544.0,1000.0,6544000.0
409,1114,CRA,CRA021002ST,2023-01-31,195000.0,1000.0,195000000.0
410,1115,CRA,CRA021002YF,2023-01-31,240000.0,1000.0,240000000.0
411,1116,CRA,CRA021002Y8,2023-01-31,120000.0,1000.0,120000000.0
412,1117,CRA,CRA021002Y9,2023-01-31,30000.0,1000.0,30000000.0
413,1118,CRA,CRA021003QA,2023-01-31,30000.0,1000.0,30000000.0
414,1119,CRA,CRA021003Q9,2023-01-31,30000.0,1000.0,30000000.0
415,1120,CRA,CRA0210039M,2023-01-31,78018.0,1000.0,78018000.0
416,1121,CRA,CRA021004CH,2023-01-31,41051.0,1000.0,41051000.0
417,1122,CRA,CRA021004NL,2023-01-31,64000.0,1000.0,64000000.0
418,1123,CRA,CRA021004NO,2023-01-31,13000.0,1000.0,13000000.0
419,1124,CRA,CRA021004NR,2023-01-31,2000.0,1000.0,2000000.0
420,1125,CRA,CRA021004NU,2023-01-31,150000.0,1000.0,150000000.0
421,1126,CRA,CRA021004NV,2023-01-31,386500.0,1000.0,386500000.0
422,1127,CRA,CRA021004NW,2023-01-31,13500.0,1000.0,13500000.0
423,1128,CRA,CRA021005LM,2023-01-31,425000.0,1000.0,425000000.0
424,1129,CRA,CRA021005LN,2023-01-31,10000.0,1000.0,10000000.0
425,1130,CRA,CRA021005LS,2023-01-31,1550.0,10000.0,15500000.0
426,1131,CRA,CRA02200BQA,2023-01-31,6000.0,1000.0,6000000.0
427,1132,CRA,CRA02200BQB,2023-01-31,24000.0,1000.0,24000000.0
428,1133,CRA,CRA02200BQC,2023-01-31,6000.0,1000.0,6000000.0
429,1134,CRA,CRA02200BQ9,2023-01-31,24000.0,1000.0,24000000.0
430,1135,CRA,CRA02200DW1,2023-01-31,33000.0,1000.0,33000000.0
431,1136,CRA,CRA02200DW2,2023-01-31,10000.0,1000.0,10000000.0
432,1137,CRA,CRA02200D9U,2023-01-31,55000.0,1000.0,55000000.0
433,1138,CRA,CRA02200ENV,2023-01-31,52500.0,1000.0,52500000.0
434,1139,CRA,CRA02200ENW,2023-01-31,11250.0,1000.0,11250000.0
435,1140,CRA,CRA02200EO2,2023-01-31,25000.0,1000.0,25000000.0
436,1141,CRA,CRA022000RT,2023-01-31,200888.0,1000.0,200888000.0
437,1142,CRA,CRA022000RU,2023-01-31,299112.0,1000.0,299112000.0
438,1143,CRA,CRA022000XD,2023-01-31,433170.0,1000.0,433170000.0
439,1144,CRA,CRA022000XE,2023-01-31,244449.0,1000.0,244449000.0
440,1145,CRA,CRA022000XF,2023-01-31,822381.0,1000.0,822381000.0
441,1146,CRA,CRA0220012X,2023-01-31,600000.0,1000.0,600000000.0
442,1147,CRA,CRA022002H1,2023-01-31,50000.0,1000.0,50000000.0
443,1148,CRA,CRA022002S1,2023-01-31,11200.0,4806.7,53835040.0
444,1149,CRA,CRA022002XT,2023-01-31,150000.0,1000.0,150000000.0
445,1150,CRA,CRA0220033H,2023-01-31,41500.0,1000.0,41500000.0
446,1151,CRA,CRA022005EH,2023-01-31,162183.0,1000.0,162183000.0
447,1152,CRA,CRA022005EI,2023-01-31,21624.0,1000.0,21624000.0
448,1153,CRA,CRA0220058X,2023-01-31,293000.0,1000.0,293000000.0
449,1154,CRA,CRA022006BV,2023-01-31,14969168.0,1.0,14969168.0
450,1155,CRA,CRA022006BW,2023-01-31,18364166.0,1.0,18364166.0
451,1156,CRA,CRA022006BX,2023-01-31,16666666.0,1.0,16666666.0
452,1157,CRA,CRA022006HD,2023-01-31,35000.0,1000.0,35000000.0
453,1158,CRA,CRA022006N7,2023-01-31,65000.0,1000.0,65000000.0
454,1159,CRA,CRA022007KI,2023-01-31,400000.0,1000.0,400000000.0
455,1160,CRA,CRA022007VD,2023-01-31,20000.0,1000.0,20000000.0
456,1161,CRA,CRA022007VE,2023-01-31,30000.0,1000.0,30000000.0
457,1162,CRA,CRA0220073P,2023-01-31,1500000.0,1000.0,1500000000.0
458,1163,CRA,CRA0220079E,2023-01-31,28612.0,1000.0,28612000.0
459,1164,CRA,CRA022008N5,2023-01-31,40572.0,1000.0,40572000.0
460,1165,CRA,CRA022008N6,2023-01-31,539264.0,1000.0,539264000.0
461,1166,CRA,CRA022008N7,2023-01-31,984140.0,1000.0,984140000.0
462,1167,CRA,CRA022009KI,2023-01-31,500000.0,1000.0,500000000.0
463,1168,CRA,CRA022009VN,2023-01-31,50000.0,1000.0,50000000.0
